Category,MAE,RMSE
Furniture,127.75735157346601,155.22377484421787
Lighting,57.54825404498297,79.53371089940572
Flooring,67.0129157691146,75.6848010216647
Decor,124.95015940845217,148.36204826007642
